purchase_order_id,supplier_id,order_status,lead_time_days
PO00001,S005,In Transit,8
PO00002,S007,Delivered,3
PO00003,S005,In Transit,8
PO00004,S009,In Transit,6
PO00005,S002,Delivered,7
PO00006,S007,Delivered,3
PO00007,S002,Ordered,7
PO00008,S005,Ordered,8
PO00009,S005,Delivered,8
PO00010,S007,Delivered,3
PO00011,S001,Ordered,5
PO00012,S002,In Transit,7
PO00013,S005,Delivered,8
PO00014,S009,Ordered,6
PO00015,S007,Delivered,3
PO00016,S006,In Transit,9
PO00017,S002,Delivered,7
PO00018,S005,Delivered,8
PO00019,S009,Ordered,6
PO00020,S008,In Transit,10
PO00021,S010,In Transit,7
PO00022,S010,Ordered,7
PO00023,S010,In Transit,7
PO00024,S009,Delivered,6
PO00025,S002,In Transit,7
PO00026,S005,Delivered,8
PO00027,S009,In Transit,6
PO00028,S009,Delivered,6
PO00029,S001,Ordered,5
PO00030,S008,Ordered,10
PO00031,S009,Delivered,6
PO00032,S001,Delivered,5
PO00033,S002,Ordered,7
PO00034,S010,Ordered,7
PO00035,S005,Ordered,8
PO00036,S006,Delivered,9
PO00037,S006,In Transit,9
PO00038,S003,Ordered,6
PO00039,S009,In Transit,6
PO00040,S003,Ordered,6
PO00041,S001,Delivered,5
PO00042,S003,In Transit,6
PO00043,S006,Delivered,9
PO00044,S004,Delivered,4
PO00045,S002,Delivered,7
PO00046,S006,Delivered,9
PO00047,S002,Ordered,7
PO00048,S006,In Transit,9
PO00049,S009,Ordered,6
PO00050,S003,Delivered,6
PO00051,S010,Ordered,7
PO00052,S006,Delivered,9
PO00053,S008,In Transit,10
PO00054,S003,Delivered,6
PO00055,S005,In Transit,8
PO00056,S002,Ordered,7
PO00057,S009,Ordered,6
PO00058,S010,In Transit,7
PO00059,S001,Ordered,5
PO00060,S008,Delivered,10
PO00061,S005,In Transit,8
PO00062,S009,Ordered,6
PO00063,S001,Ordered,5
PO00064,S004,Ordered,4
PO00065,S009,Ordered,6
PO00066,S003,Delivered,6
PO00067,S003,Delivered,6
PO00068,S009,In Transit,6
PO00069,S002,In Transit,7
PO00070,S003,In Transit,6
PO00071,S008,In Transit,10
PO00072,S001,Delivered,5
PO00073,S002,In Transit,7
PO00074,S005,Delivered,8
PO00075,S002,Delivered,7
PO00076,S004,Delivered,4
PO00077,S007,Ordered,3
PO00078,S001,Delivered,5
PO00079,S002,Ordered,7
PO00080,S005,In Transit,8
PO00081,S004,In Transit,4
PO00082,S001,Delivered,5
PO00083,S003,Ordered,6
PO00084,S009,In Transit,6
PO00085,S004,Ordered,4
PO00086,S003,Delivered,6
PO00087,S007,In Transit,3
PO00088,S003,Delivered,6
PO00089,S005,Delivered,8
PO00090,S010,In Transit,7
PO00091,S001,Delivered,5
PO00092,S001,Ordered,5
PO00093,S001,Delivered,5
PO00094,S009,Ordered,6
PO00095,S005,Delivered,8
PO00096,S004,In Transit,4
PO00097,S005,In Transit,8
PO00098,S010,Delivered,7
PO00099,S002,In Transit,7
PO00100,S005,Delivered,8
PO00101,S009,In Transit,6
PO00102,S004,Ordered,4
PO00103,S006,Delivered,9
PO00104,S003,Delivered,6
PO00105,S007,In Transit,3
PO00106,S006,Delivered,9
PO00107,S004,Delivered,4
PO00108,S004,In Transit,4
PO00109,S007,In Transit,3
PO00110,S010,Delivered,7
PO00111,S001,Delivered,5
PO00112,S009,Ordered,6
PO00113,S006,In Transit,9
PO00114,S010,Delivered,7
PO00115,S005,In Transit,8
PO00116,S007,Delivered,3
PO00117,S003,Ordered,6
PO00118,S009,Ordered,6
PO00119,S004,In Transit,4
PO00120,S006,Delivered,9
PO00121,S006,Delivered,9
PO00122,S003,In Transit,6
PO00123,S010,In Transit,7
PO00124,S005,Delivered,8
PO00125,S003,In Transit,6
PO00126,S001,Ordered,5
PO00127,S003,Ordered,6
PO00128,S008,Ordered,10
PO00129,S003,In Transit,6
PO00130,S002,Ordered,7
PO00131,S007,Ordered,3
PO00132,S004,In Transit,4
PO00133,S002,Delivered,7
PO00134,S004,In Transit,4
PO00135,S005,In Transit,8
PO00136,S008,In Transit,10
PO00137,S003,In Transit,6
PO00138,S005,In Transit,8
PO00139,S009,In Transit,6
PO00140,S005,In Transit,8
PO00141,S002,In Transit,7
PO00142,S001,In Transit,5
PO00143,S010,In Transit,7
PO00144,S010,Ordered,7
PO00145,S009,In Transit,6
PO00146,S004,Delivered,4
PO00147,S008,In Transit,10
PO00148,S005,In Transit,8
PO00149,S002,Ordered,7
PO00150,S005,Ordered,8
PO00151,S001,Ordered,5
PO00152,S008,Delivered,10
PO00153,S006,Ordered,9
PO00154,S003,In Transit,6
PO00155,S005,Ordered,8
PO00156,S002,In Transit,7
PO00157,S010,Delivered,7
PO00158,S008,Delivered,10
PO00159,S004,Ordered,4
PO00160,S006,Delivered,9
PO00161,S007,Ordered,3
PO00162,S006,Ordered,9
PO00163,S002,Delivered,7
PO00164,S008,Delivered,10
PO00165,S001,Delivered,5
PO00166,S007,In Transit,3
PO00167,S001,In Transit,5
PO00168,S009,Ordered,6
PO00169,S002,Ordered,7
PO00170,S004,In Transit,4
PO00171,S003,Ordered,6
PO00172,S008,Ordered,10
PO00173,S009,Delivered,6
PO00174,S008,In Transit,10
PO00175,S003,Delivered,6
PO00176,S004,Ordered,4
PO00177,S004,In Transit,4
PO00178,S008,In Transit,10
PO00179,S005,Delivered,8
PO00180,S003,Delivered,6
PO00181,S009,Delivered,6
PO00182,S006,Delivered,9
PO00183,S001,Ordered,5
PO00184,S002,Ordered,7
PO00185,S004,Ordered,4
PO00186,S008,In Transit,10
PO00187,S001,Delivered,5
PO00188,S010,In Transit,7
PO00189,S002,Delivered,7
PO00190,S002,Delivered,7
PO00191,S008,Ordered,10
PO00192,S001,In Transit,5
PO00193,S005,Ordered,8
PO00194,S001,In Transit,5
PO00195,S005,Delivered,8
PO00196,S010,Delivered,7
PO00197,S002,Delivered,7
PO00198,S005,Ordered,8
PO00199,S010,Delivered,7
PO00200,S009,Ordered,6
PO00201,S003,Ordered,6
PO00202,S010,Delivered,7
PO00203,S006,Delivered,9
PO00204,S007,In Transit,3
PO00205,S008,Ordered,10
PO00206,S010,In Transit,7
PO00207,S008,Ordered,10
PO00208,S004,Delivered,4
PO00209,S010,Ordered,7
PO00210,S010,Delivered,7
PO00211,S003,In Transit,6
PO00212,S009,In Transit,6
PO00213,S010,Ordered,7
PO00214,S005,In Transit,8
PO00215,S006,Delivered,9
PO00216,S001,In Transit,5
PO00217,S007,In Transit,3
PO00218,S001,In Transit,5
PO00219,S007,Delivered,3
PO00220,S006,In Transit,9
PO00221,S003,In Transit,6
PO00222,S002,In Transit,7
PO00223,S003,Ordered,6
PO00224,S003,Delivered,6
PO00225,S006,In Transit,9
PO00226,S001,Ordered,5
PO00227,S004,Ordered,4
PO00228,S006,Delivered,9
PO00229,S004,Delivered,4
PO00230,S007,Delivered,3
PO00231,S005,In Transit,8
PO00232,S010,Delivered,7
PO00233,S001,Delivered,5
PO00234,S004,Ordered,4
PO00235,S001,Delivered,5
PO00236,S001,In Transit,5
PO00237,S001,Delivered,5
PO00238,S010,Ordered,7
PO00239,S003,Delivered,6
PO00240,S001,Delivered,5
PO00241,S001,In Transit,5
PO00242,S003,Ordered,6
PO00243,S009,Delivered,6
PO00244,S008,Ordered,10
PO00245,S003,In Transit,6
PO00246,S009,In Transit,6
PO00247,S003,Ordered,6
PO00248,S002,Delivered,7
PO00249,S004,In Transit,4
PO00250,S005,In Transit,8
PO00251,S002,Delivered,7
PO00252,S003,In Transit,6
PO00253,S003,Delivered,6
PO00254,S008,Ordered,10
PO00255,S006,Ordered,9
PO00256,S006,Ordered,9
PO00257,S009,In Transit,6
PO00258,S001,Delivered,5
PO00259,S001,Delivered,5
PO00260,S009,In Transit,6
PO00261,S003,In Transit,6
PO00262,S008,Delivered,10
PO00263,S008,Ordered,10
PO00264,S004,Ordered,4
PO00265,S001,Delivered,5
PO00266,S006,In Transit,9
PO00267,S007,Delivered,3
PO00268,S005,In Transit,8
PO00269,S003,In Transit,6
PO00270,S005,Ordered,8
PO00271,S008,Ordered,10
PO00272,S004,Delivered,4
PO00273,S008,Ordered,10
PO00274,S006,Delivered,9
PO00275,S001,In Transit,5
PO00276,S003,In Transit,6
PO00277,S004,Delivered,4
PO00278,S003,Delivered,6
PO00279,S009,Delivered,6
PO00280,S001,In Transit,5
PO00281,S005,Ordered,8
PO00282,S010,Ordered,7
PO00283,S003,Delivered,6
PO00284,S009,Delivered,6
PO00285,S008,Delivered,10
PO00286,S005,Ordered,8
PO00287,S002,In Transit,7
PO00288,S009,Delivered,6
PO00289,S009,Ordered,6
PO00290,S007,Delivered,3
PO00291,S010,Delivered,7
PO00292,S007,In Transit,3
PO00293,S006,In Transit,9
PO00294,S004,Ordered,4
PO00295,S005,In Transit,8
PO00296,S008,In Transit,10
PO00297,S009,In Transit,6
PO00298,S009,In Transit,6
PO00299,S005,Ordered,8
PO00300,S008,Delivered,10
PO00301,S002,In Transit,7
PO00302,S010,In Transit,7
PO00303,S002,Delivered,7
PO00304,S006,Delivered,9
PO00305,S007,In Transit,3
PO00306,S010,Delivered,7
PO00307,S005,Ordered,8
PO00308,S010,Ordered,7
PO00309,S008,Ordered,10
PO00310,S002,Delivered,7
PO00311,S001,In Transit,5
PO00312,S003,In Transit,6
PO00313,S004,In Transit,4
PO00314,S004,Ordered,4
PO00315,S010,Delivered,7
PO00316,S007,Delivered,3
PO00317,S007,In Transit,3
PO00318,S003,Delivered,6
PO00319,S002,Delivered,7
PO00320,S002,Delivered,7
PO00321,S002,In Transit,7
PO00322,S005,Delivered,8
PO00323,S003,Ordered,6
PO00324,S002,Ordered,7
PO00325,S009,Delivered,6
PO00326,S006,In Transit,9
PO00327,S009,Delivered,6
PO00328,S003,In Transit,6
PO00329,S005,Ordered,8
PO00330,S006,In Transit,9
PO00331,S004,In Transit,4
PO00332,S006,Ordered,9
PO00333,S005,Ordered,8
PO00334,S002,In Transit,7
PO00335,S007,Delivered,3
PO00336,S005,In Transit,8
PO00337,S009,In Transit,6
PO00338,S008,In Transit,10
PO00339,S005,Ordered,8
PO00340,S003,In Transit,6
PO00341,S010,Ordered,7
PO00342,S006,Delivered,9
PO00343,S001,Delivered,5
PO00344,S005,Ordered,8
PO00345,S009,In Transit,6
PO00346,S003,In Transit,6
PO00347,S007,In Transit,3
PO00348,S009,Ordered,6
PO00349,S001,In Transit,5
PO00350,S004,Delivered,4
PO00351,S009,Ordered,6
PO00352,S001,Delivered,5
PO00353,S001,Delivered,5
PO00354,S003,Ordered,6
PO00355,S004,In Transit,4
PO00356,S007,In Transit,3
PO00357,S010,In Transit,7
PO00358,S006,Ordered,9
PO00359,S009,Ordered,6
PO00360,S010,Delivered,7
PO00361,S003,Delivered,6
PO00362,S006,Ordered,9
PO00363,S009,Delivered,6
PO00364,S007,In Transit,3
PO00365,S009,Ordered,6
PO00366,S010,In Transit,7
PO00367,S004,Ordered,4
PO00368,S009,Delivered,6
PO00369,S003,Delivered,6
PO00370,S008,Delivered,10
PO00371,S006,Ordered,9
PO00372,S005,Delivered,8
PO00373,S010,Delivered,7
PO00374,S010,Ordered,7
PO00375,S009,Delivered,6
PO00376,S010,In Transit,7
PO00377,S001,Delivered,5
PO00378,S008,In Transit,10
PO00379,S005,Delivered,8
PO00380,S007,Delivered,3
PO00381,S004,Delivered,4
PO00382,S008,In Transit,10
PO00383,S004,Delivered,4
PO00384,S005,Ordered,8
PO00385,S007,Delivered,3
PO00386,S006,In Transit,9
PO00387,S009,Delivered,6
PO00388,S009,Delivered,6
PO00389,S001,Ordered,5
PO00390,S005,Ordered,8
PO00391,S007,Delivered,3
PO00392,S001,Delivered,5
PO00393,S006,Ordered,9
PO00394,S004,Ordered,4
PO00395,S006,In Transit,9
PO00396,S001,Delivered,5
PO00397,S002,Delivered,7
PO00398,S004,Ordered,4
PO00399,S006,Ordered,9
PO00400,S001,Delivered,5
PO00401,S007,Ordered,3
PO00402,S010,In Transit,7
PO00403,S005,In Transit,8
PO00404,S007,Ordered,3
PO00405,S007,Delivered,3
PO00406,S005,Ordered,8
PO00407,S003,Ordered,6
PO00408,S008,Delivered,10
PO00409,S004,Ordered,4
PO00410,S003,Ordered,6
PO00411,S007,Ordered,3
PO00412,S006,Ordered,9
PO00413,S001,Delivered,5
PO00414,S004,Ordered,4
PO00415,S005,Delivered,8
PO00416,S004,In Transit,4
PO00417,S004,In Transit,4
PO00418,S003,Delivered,6
PO00419,S007,In Transit,3
PO00420,S006,In Transit,9
PO00421,S008,Ordered,10
PO00422,S009,In Transit,6
PO00423,S010,In Transit,7
PO00424,S006,Delivered,9
PO00425,S004,In Transit,4
PO00426,S003,Delivered,6
PO00427,S009,Ordered,6
PO00428,S006,Ordered,9
PO00429,S008,In Transit,10
PO00430,S009,Ordered,6
PO00431,S009,Delivered,6
PO00432,S008,Ordered,10
PO00433,S006,Ordered,9
PO00434,S010,In Transit,7
PO00435,S001,In Transit,5
PO00436,S003,In Transit,6
PO00437,S001,Ordered,5
PO00438,S001,In Transit,5
PO00439,S007,Delivered,3
PO00440,S002,Delivered,7
PO00441,S008,Delivered,10
PO00442,S002,Delivered,7
PO00443,S008,In Transit,10
PO00444,S007,Delivered,3
PO00445,S006,Delivered,9
PO00446,S006,Delivered,9
PO00447,S006,In Transit,9
PO00448,S006,Delivered,9
PO00449,S007,Delivered,3
PO00450,S004,Ordered,4
PO00451,S002,In Transit,7
PO00452,S010,In Transit,7
PO00453,S005,In Transit,8
PO00454,S005,Delivered,8
PO00455,S007,Ordered,3
PO00456,S007,Ordered,3
PO00457,S007,In Transit,3
PO00458,S007,Ordered,3
PO00459,S004,Delivered,4
PO00460,S008,In Transit,10
PO00461,S006,Ordered,9
PO00462,S002,In Transit,7
PO00463,S006,Delivered,9
PO00464,S006,Ordered,9
PO00465,S005,Ordered,8
PO00466,S008,Ordered,10
PO00467,S008,Ordered,10
PO00468,S001,Delivered,5
PO00469,S001,Ordered,5
PO00470,S004,In Transit,4
PO00471,S001,Delivered,5
PO00472,S004,In Transit,4
PO00473,S003,Delivered,6
PO00474,S003,Delivered,6
PO00475,S001,Ordered,5
PO00476,S002,Ordered,7
PO00477,S010,Ordered,7
PO00478,S004,In Transit,4
PO00479,S008,Ordered,10
PO00480,S003,Delivered,6
PO00481,S006,Ordered,9
PO00482,S003,In Transit,6
PO00483,S004,Ordered,4
PO00484,S002,Ordered,7
PO00485,S005,Ordered,8
PO00486,S002,In Transit,7
PO00487,S002,In Transit,7
PO00488,S010,In Transit,7
PO00489,S005,Delivered,8
PO00490,S004,In Transit,4
PO00491,S001,Delivered,5
PO00492,S008,In Transit,10
PO00493,S003,Delivered,6
PO00494,S004,In Transit,4
PO00495,S008,Ordered,10
PO00496,S010,Delivered,7
PO00497,S006,In Transit,9
PO00498,S004,Ordered,4
PO00499,S005,Ordered,8
PO00500,S001,Delivered,5
PO00501,S001,In Transit,5
PO00502,S006,Delivered,9
PO00503,S006,In Transit,9
PO00504,S010,In Transit,7
PO00505,S006,In Transit,9
PO00506,S007,In Transit,3
PO00507,S004,Delivered,4
PO00508,S001,Delivered,5
PO00509,S006,In Transit,9
PO00510,S003,Ordered,6
PO00511,S002,Delivered,7
PO00512,S009,In Transit,6
PO00513,S003,Ordered,6
PO00514,S010,Ordered,7
PO00515,S006,Ordered,9
PO00516,S001,Ordered,5
PO00517,S002,Ordered,7
PO00518,S005,In Transit,8
PO00519,S003,Ordered,6
PO00520,S006,Ordered,9
PO00521,S004,In Transit,4
PO00522,S010,Ordered,7
PO00523,S008,Ordered,10
PO00524,S004,Ordered,4
PO00525,S008,Ordered,10
PO00526,S002,Delivered,7
PO00527,S003,In Transit,6
PO00528,S006,In Transit,9
PO00529,S005,Delivered,8
PO00530,S004,Ordered,4
PO00531,S004,Ordered,4
PO00532,S006,Delivered,9
PO00533,S007,Ordered,3
PO00534,S010,Delivered,7
PO00535,S002,Delivered,7
PO00536,S003,Ordered,6
PO00537,S009,Ordered,6
PO00538,S010,In Transit,7
PO00539,S003,In Transit,6
PO00540,S005,In Transit,8
PO00541,S009,Ordered,6
PO00542,S007,Delivered,3
PO00543,S003,Ordered,6
PO00544,S006,Delivered,9
PO00545,S009,Ordered,6
PO00546,S010,Ordered,7
PO00547,S002,Delivered,7
PO00548,S007,Ordered,3
PO00549,S005,In Transit,8
PO00550,S009,Ordered,6
PO00551,S004,In Transit,4
PO00552,S004,Delivered,4
PO00553,S003,Ordered,6
PO00554,S005,In Transit,8
PO00555,S001,Ordered,5
PO00556,S009,In Transit,6
PO00557,S002,Delivered,7
PO00558,S002,Ordered,7
PO00559,S001,Ordered,5
PO00560,S009,Delivered,6
PO00561,S004,Delivered,4
PO00562,S008,Delivered,10
PO00563,S008,Delivered,10
PO00564,S009,In Transit,6
PO00565,S005,In Transit,8
PO00566,S003,Ordered,6
PO00567,S004,Delivered,4
PO00568,S006,In Transit,9
PO00569,S002,Ordered,7
PO00570,S003,Delivered,6
PO00571,S004,In Transit,4
PO00572,S010,Ordered,7
PO00573,S004,Delivered,4
PO00574,S002,Ordered,7
PO00575,S003,Delivered,6
PO00576,S002,In Transit,7
PO00577,S007,In Transit,3
PO00578,S006,In Transit,9
PO00579,S010,Ordered,7
PO00580,S008,Delivered,10
PO00581,S008,In Transit,10
PO00582,S001,Delivered,5
PO00583,S004,Ordered,4
PO00584,S006,In Transit,9
PO00585,S003,Delivered,6
PO00586,S004,Ordered,4
PO00587,S006,In Transit,9
PO00588,S004,Delivered,4
PO00589,S007,Delivered,3
PO00590,S005,Ordered,8
PO00591,S008,Delivered,10
PO00592,S003,Delivered,6
PO00593,S004,Ordered,4
PO00594,S008,Delivered,10
PO00595,S009,In Transit,6
PO00596,S009,Ordered,6
PO00597,S007,Ordered,3
PO00598,S001,In Transit,5
PO00599,S008,Ordered,10
PO00600,S009,Delivered,6
PO00601,S008,In Transit,10
PO00602,S006,Delivered,9
PO00603,S003,In Transit,6
PO00604,S002,Ordered,7
PO00605,S006,Ordered,9
PO00606,S003,Ordered,6
PO00607,S008,In Transit,10
PO00608,S006,In Transit,9
PO00609,S006,Delivered,9
PO00610,S003,Delivered,6
PO00611,S003,Delivered,6
PO00612,S006,Ordered,9
PO00613,S006,Delivered,9
PO00614,S001,Ordered,5
PO00615,S001,Ordered,5
PO00616,S008,Delivered,10
PO00617,S008,Delivered,10
PO00618,S008,In Transit,10
PO00619,S004,Ordered,4
PO00620,S006,In Transit,9
PO00621,S008,Ordered,10
PO00622,S001,Delivered,5
PO00623,S006,In Transit,9
PO00624,S008,Ordered,10
PO00625,S004,Delivered,4
PO00626,S005,Ordered,8
PO00627,S003,Ordered,6
PO00628,S007,In Transit,3
PO00629,S003,Delivered,6
PO00630,S005,In Transit,8
PO00631,S010,Ordered,7
PO00632,S010,Ordered,7
PO00633,S007,Ordered,3
PO00634,S001,In Transit,5
PO00635,S004,Delivered,4
PO00636,S009,Ordered,6
PO00637,S001,In Transit,5
PO00638,S007,Ordered,3
PO00639,S005,Delivered,8
PO00640,S007,In Transit,3
PO00641,S008,Delivered,10
PO00642,S003,In Transit,6
PO00643,S004,In Transit,4
PO00644,S005,Ordered,8
PO00645,S002,Ordered,7
PO00646,S003,Ordered,6
PO00647,S007,In Transit,3
PO00648,S008,In Transit,10
PO00649,S003,Delivered,6
PO00650,S010,Delivered,7
PO00651,S006,Delivered,9
PO00652,S008,In Transit,10
PO00653,S005,Ordered,8
PO00654,S002,In Transit,7
PO00655,S004,In Transit,4
PO00656,S001,Delivered,5
PO00657,S001,Delivered,5
PO00658,S002,In Transit,7
PO00659,S010,In Transit,7
PO00660,S004,Ordered,4
PO00661,S003,Delivered,6
PO00662,S003,Delivered,6
PO00663,S005,Ordered,8
PO00664,S006,Delivered,9
PO00665,S001,Ordered,5
PO00666,S006,Ordered,9
PO00667,S008,In Transit,10
PO00668,S007,Ordered,3
PO00669,S004,Delivered,4
PO00670,S005,Ordered,8
PO00671,S002,Ordered,7
PO00672,S007,Ordered,3
PO00673,S010,Ordered,7
PO00674,S008,Ordered,10
PO00675,S006,In Transit,9
PO00676,S004,Delivered,4
PO00677,S001,Ordered,5
PO00678,S004,In Transit,4
PO00679,S008,In Transit,10
PO00680,S010,Delivered,7
PO00681,S006,Ordered,9
PO00682,S005,Ordered,8
PO00683,S009,Delivered,6
PO00684,S001,Ordered,5
PO00685,S008,Delivered,10
PO00686,S001,Ordered,5
PO00687,S001,Delivered,5
PO00688,S002,Ordered,7
PO00689,S007,Delivered,3
PO00690,S007,Delivered,3
PO00691,S007,In Transit,3
PO00692,S010,Ordered,7
PO00693,S009,Delivered,6
PO00694,S007,Delivered,3
PO00695,S010,Ordered,7
PO00696,S009,Ordered,6
PO00697,S010,Delivered,7
PO00698,S004,Delivered,4
PO00699,S008,In Transit,10
PO00700,S006,Ordered,9
PO00701,S006,Ordered,9
PO00702,S001,Ordered,5
PO00703,S008,Delivered,10
PO00704,S005,In Transit,8
PO00705,S006,Delivered,9
PO00706,S006,In Transit,9
PO00707,S007,Delivered,3
PO00708,S001,Delivered,5
PO00709,S008,In Transit,10
PO00710,S001,Delivered,5
PO00711,S003,In Transit,6
PO00712,S002,Ordered,7
PO00713,S010,Delivered,7
PO00714,S001,Delivered,5
PO00715,S009,Ordered,6
PO00716,S005,Ordered,8
PO00717,S008,Delivered,10
PO00718,S006,Delivered,9
PO00719,S007,Ordered,3
PO00720,S005,Ordered,8
PO00721,S001,Ordered,5
PO00722,S004,Delivered,4
PO00723,S001,In Transit,5
PO00724,S006,Delivered,9
PO00725,S007,Delivered,3
PO00726,S008,Delivered,10
PO00727,S003,Ordered,6
PO00728,S001,Delivered,5
PO00729,S010,Delivered,7
PO00730,S002,In Transit,7
PO00731,S003,Ordered,6
PO00732,S009,Ordered,6
PO00733,S002,Ordered,7
PO00734,S005,In Transit,8
PO00735,S001,In Transit,5
PO00736,S001,Ordered,5
PO00737,S001,In Transit,5
PO00738,S007,In Transit,3
PO00739,S002,In Transit,7
PO00740,S001,In Transit,5
PO00741,S007,Delivered,3
PO00742,S001,Ordered,5
PO00743,S001,Ordered,5
PO00744,S008,Ordered,10
PO00745,S003,Ordered,6
PO00746,S005,Ordered,8
PO00747,S009,Ordered,6
PO00748,S002,Delivered,7
PO00749,S004,Delivered,4
PO00750,S009,In Transit,6
PO00751,S001,Ordered,5
PO00752,S008,In Transit,10
PO00753,S004,Delivered,4
PO00754,S001,Ordered,5
PO00755,S002,In Transit,7
PO00756,S003,Delivered,6
PO00757,S003,Delivered,6
PO00758,S010,Delivered,7
PO00759,S010,Ordered,7
PO00760,S006,Delivered,9
PO00761,S007,In Transit,3
PO00762,S008,In Transit,10
PO00763,S002,In Transit,7
PO00764,S008,Delivered,10
PO00765,S010,In Transit,7
PO00766,S002,Delivered,7
PO00767,S007,In Transit,3
PO00768,S002,Ordered,7
PO00769,S007,Ordered,3
PO00770,S005,Delivered,8
PO00771,S004,In Transit,4
PO00772,S002,In Transit,7
PO00773,S004,Ordered,4
PO00774,S003,Ordered,6
PO00775,S007,Delivered,3
PO00776,S004,Ordered,4
PO00777,S007,Delivered,3
PO00778,S002,Delivered,7
PO00779,S005,Ordered,8
PO00780,S002,Delivered,7
PO00781,S008,Delivered,10
PO00782,S006,Ordered,9
PO00783,S005,Delivered,8
PO00784,S007,Delivered,3
PO00785,S006,In Transit,9
PO00786,S009,Ordered,6
PO00787,S002,Ordered,7
PO00788,S008,Delivered,10
PO00789,S004,In Transit,4
PO00790,S009,Delivered,6
PO00791,S010,Delivered,7
PO00792,S003,Delivered,6
PO00793,S010,In Transit,7
PO00794,S008,Ordered,10
PO00795,S001,In Transit,5
PO00796,S008,Delivered,10
PO00797,S008,Delivered,10
PO00798,S006,Delivered,9
PO00799,S007,Delivered,3
PO00800,S001,In Transit,5
PO00801,S008,Ordered,10
PO00802,S004,Delivered,4
PO00803,S008,Delivered,10
PO00804,S003,Delivered,6
PO00805,S003,Delivered,6
PO00806,S010,In Transit,7
PO00807,S002,In Transit,7
PO00808,S008,Delivered,10
PO00809,S005,Ordered,8
PO00810,S010,In Transit,7
PO00811,S008,In Transit,10
PO00812,S005,In Transit,8
PO00813,S004,In Transit,4
PO00814,S005,Ordered,8
PO00815,S005,Delivered,8
PO00816,S008,In Transit,10
PO00817,S002,In Transit,7
PO00818,S007,In Transit,3
PO00819,S005,Delivered,8
PO00820,S005,In Transit,8
PO00821,S008,In Transit,10
PO00822,S001,Delivered,5
PO00823,S005,In Transit,8
PO00824,S002,In Transit,7
PO00825,S006,In Transit,9
PO00826,S006,Delivered,9
PO00827,S007,Delivered,3
PO00828,S009,Ordered,6
PO00829,S009,In Transit,6
PO00830,S007,Delivered,3
PO00831,S009,Ordered,6
PO00832,S005,Delivered,8
PO00833,S007,Ordered,3
PO00834,S002,In Transit,7
PO00835,S006,Ordered,9
PO00836,S005,In Transit,8
PO00837,S005,Delivered,8
PO00838,S002,In Transit,7
PO00839,S001,In Transit,5
PO00840,S010,In Transit,7
PO00841,S003,Ordered,6
PO00842,S007,Ordered,3
PO00843,S004,Delivered,4
PO00844,S006,Delivered,9
PO00845,S007,Delivered,3
PO00846,S009,In Transit,6
PO00847,S001,In Transit,5
PO00848,S004,Ordered,4
PO00849,S005,Delivered,8
PO00850,S006,Delivered,9
PO00851,S007,Delivered,3
PO00852,S009,In Transit,6
PO00853,S006,Ordered,9
PO00854,S005,In Transit,8
PO00855,S010,Ordered,7
PO00856,S001,In Transit,5
PO00857,S006,Ordered,9
PO00858,S009,In Transit,6
PO00859,S005,Ordered,8
PO00860,S001,Ordered,5
PO00861,S001,Delivered,5
PO00862,S003,In Transit,6
PO00863,S004,In Transit,4
PO00864,S007,Delivered,3
PO00865,S003,Ordered,6
PO00866,S005,Delivered,8
PO00867,S007,In Transit,3
PO00868,S003,Ordered,6
PO00869,S001,In Transit,5
PO00870,S004,In Transit,4
PO00871,S009,In Transit,6
PO00872,S001,Delivered,5
PO00873,S002,Ordered,7
PO00874,S001,In Transit,5
PO00875,S005,In Transit,8
PO00876,S002,Delivered,7
PO00877,S006,Delivered,9
PO00878,S003,Ordered,6
PO00879,S005,Ordered,8
PO00880,S001,In Transit,5
PO00881,S009,Delivered,6
PO00882,S001,Ordered,5
PO00883,S007,Ordered,3
PO00884,S002,In Transit,7
PO00885,S003,Delivered,6
PO00886,S008,In Transit,10
PO00887,S009,Ordered,6
PO00888,S004,Ordered,4
PO00889,S008,Ordered,10
PO00890,S009,Delivered,6
PO00891,S008,Ordered,10
PO00892,S008,Ordered,10
PO00893,S005,Ordered,8
PO00894,S006,In Transit,9
PO00895,S010,Delivered,7
PO00896,S002,Ordered,7
PO00897,S002,Delivered,7
PO00898,S005,In Transit,8
PO00899,S004,Delivered,4
PO00900,S010,Ordered,7
PO00901,S005,Ordered,8
PO00902,S006,Ordered,9
PO00903,S007,Ordered,3
PO00904,S004,In Transit,4
PO00905,S003,In Transit,6
PO00906,S006,Ordered,9
PO00907,S003,In Transit,6
PO00908,S009,Ordered,6
PO00909,S004,Ordered,4
PO00910,S002,In Transit,7
PO00911,S005,In Transit,8
PO00912,S009,Ordered,6
PO00913,S009,In Transit,6
PO00914,S010,In Transit,7
PO00915,S010,In Transit,7
PO00916,S010,In Transit,7
PO00917,S006,Delivered,9
PO00918,S001,In Transit,5
PO00919,S009,Ordered,6
PO00920,S009,Delivered,6
PO00921,S003,In Transit,6
PO00922,S003,In Transit,6
PO00923,S003,In Transit,6
PO00924,S007,In Transit,3
PO00925,S001,In Transit,5
PO00926,S010,Ordered,7
PO00927,S009,Delivered,6
PO00928,S008,Delivered,10
PO00929,S003,Ordered,6
PO00930,S002,Ordered,7
PO00931,S005,In Transit,8
PO00932,S006,In Transit,9
PO00933,S003,Ordered,6
PO00934,S006,Delivered,9
PO00935,S002,In Transit,7
PO00936,S008,Delivered,10
PO00937,S010,Delivered,7
PO00938,S008,Ordered,10
PO00939,S010,In Transit,7
PO00940,S002,In Transit,7
PO00941,S006,Delivered,9
PO00942,S008,In Transit,10
PO00943,S009,Delivered,6
PO00944,S001,Ordered,5
PO00945,S010,In Transit,7
PO00946,S008,In Transit,10
PO00947,S005,Ordered,8
PO00948,S003,Ordered,6
PO00949,S004,Ordered,4
PO00950,S010,In Transit,7
PO00951,S004,Delivered,4
PO00952,S001,Ordered,5
PO00953,S007,Ordered,3
PO00954,S008,In Transit,10
PO00955,S005,Delivered,8
PO00956,S008,Delivered,10
PO00957,S004,Ordered,4
PO00958,S006,In Transit,9
PO00959,S005,Delivered,8
PO00960,S009,Delivered,6
PO00961,S008,In Transit,10
PO00962,S004,Delivered,4
PO00963,S003,In Transit,6
PO00964,S001,Delivered,5
PO00965,S004,Delivered,4
PO00966,S001,Delivered,5
PO00967,S005,In Transit,8
PO00968,S005,Delivered,8
PO00969,S008,Ordered,10
PO00970,S009,Ordered,6
PO00971,S009,In Transit,6
PO00972,S004,Ordered,4
PO00973,S008,Ordered,10
PO00974,S006,In Transit,9
PO00975,S006,Ordered,9
PO00976,S005,Delivered,8
PO00977,S005,Ordered,8
PO00978,S009,In Transit,6
PO00979,S010,Ordered,7
PO00980,S001,In Transit,5
PO00981,S008,Ordered,10
PO00982,S006,In Transit,9
PO00983,S003,Ordered,6
PO00984,S008,Delivered,10
PO00985,S006,In Transit,9
PO00986,S005,In Transit,8
PO00987,S002,Delivered,7
PO00988,S003,In Transit,6
PO00989,S004,Delivered,4
PO00990,S009,Ordered,6
PO00991,S008,In Transit,10
PO00992,S007,Ordered,3
PO00993,S006,Ordered,9
PO00994,S002,Ordered,7
PO00995,S005,In Transit,8
PO00996,S004,In Transit,4
PO00997,S002,Delivered,7
PO00998,S005,Ordered,8
PO00999,S004,Ordered,4
PO01000,S001,In Transit,5
